<?xml version="1.0" encoding="UTF-8"?>
<jcr:root xmlns:jcr="http://www.jcp.org/jcr/1.0" xmlns:nt="http://www.jcp.org/jcr/nt/1.0" xmlns:cq="http://www.day.com/jcr/cq/1.0" xmlns:sling="http://sling.apache.org/jcr/sling/1.0"
    jcr:primaryType="cq:Page">
    <jcr:content
        cq:template="/libs/core/franklin/templates/page"
        jcr:primaryType="cq:PageContent"
        jcr:title="Index"
        pageTitle="AEM Boilerplate"
        sling:resourceType="core/franklin/components/page/v1/page">
        <root
            jcr:primaryType="nt:unstructured"
            sling:resourceType="core/franklin/components/root/v1/root">
            <section
                jcr:primaryType="nt:unstructured"
                sling:resourceType="core/franklin/components/section/v1/section">
                <hero
                    jcr:primaryType="nt:unstructured"
                    sling:resourceType="core/franklin/components/block/v1/block"
                    image="/content/dam/aem-sites-with-edge-delivery-services-template/hero.png"
                    model="hero"
                    name="Hero"
                    text="&lt;h1>Welcome to AEM Authoring with Edge Delivery Services&lt;/h1>"/>
            </section>
            <section_0
                jcr:primaryType="nt:unstructured"
                sling:resourceType="core/franklin/components/section/v1/section">
                <title
                    jcr:primaryType="nt:unstructured"
                    title="Lorem Ipsum"
                    sling:resourceType="core/franklin/components/title/v1/title"
                    titleType="h1"/>
                <text
                    jcr:lastModified="{Date}2023-10-19T21:57:05.479+02:00"
                    jcr:lastModifiedBy="admin"
                    jcr:primaryType="nt:unstructured"
                    sling:resourceType="core/franklin/components/text/v1/text"
                    text="&lt;p>Neque porro quisquam est qui dolorem ipsum quia dolor sit amet, consectetur, adipisci velit...&lt;br />There is no one who loves pain itself, who seeks after it and wants to have it, simply because it is pain...&lt;/p>"/>
            </section_0>
            <section_1
                jcr:primaryType="nt:unstructured"
                sling:resourceType="core/franklin/components/section/v1/section">
                <columns
                    jcr:primaryType="nt:unstructured"
                    sling:resourceType="core/franklin/components/columns/v1/columns"
                    columns="2"
                    rows="2">
                    <row1 jcr:primaryType="nt:unstructured">
                        <col1 jcr:primaryType="nt:unstructured">
                            <title
                                jcr:primaryType="nt:unstructured"
                                title="What is Lorem Ipsum?"
                                sling:resourceType="core/franklin/components/title/v1/title"
                                titleType="h2"/>
                            <text
                                jcr:primaryType="nt:unstructured"
                                sling:resourceType="core/franklin/components/text/v1/text"
                                text="&lt;p>&lt;strong>Lorem Ipsum&lt;/strong>&amp;nbsp;is simply dummy text of the printing and typesetting industry. Lorem Ipsum has been the industry's standard dummy text ever since the 1500s, when an unknown printer took a galley of type and scrambled it to make a type specimen book. It has survived not only five centuries, but also the leap into electronic typesetting, remaining essentially unchanged. It was popularised in the 1960s with the release of Letraset sheets containing Lorem Ipsum passages, and more recently with desktop publishing software like Aldus PageMaker including versions of Lorem Ipsum.&lt;/p>"/>
                        </col1>
                        <col2 jcr:primaryType="nt:unstructured">
                            <title
                                jcr:primaryType="nt:unstructured"
                                title="Why do we use it?"
                                sling:resourceType="core/franklin/components/title/v1/title"
                                titleType="h2"/>
                            <text
                                jcr:primaryType="nt:unstructured"
                                sling:resourceType="core/franklin/components/text/v1/text"
                                text="&lt;p>It is a long established fact that a reader will be distracted by the readable content of a page when looking at its layout. The point of using Lorem Ipsum is that it has a more-or-less normal distribution of letters, as opposed to using 'Content here, content here', making it look like readable English. Many desktop publishing packages and web page editors now use Lorem Ipsum as their default model text, and a search for 'lorem ipsum' will uncover many web sites still in their infancy. Various versions have evolved over the years, sometimes by accident, sometimes on purpose (injected humour and the like).&lt;/p>"/>
                        </col2>
                    </row1>
                    <row2 jcr:primaryType="nt:unstructured">
                        <col1 jcr:primaryType="nt:unstructured">
                            <title
                                jcr:primaryType="nt:unstructured"
                                title="Where does it come from?"
                                sling:resourceType="core/franklin/components/title/v1/title"
                                titleType="h2"/>
                            <text
                                jcr:primaryType="nt:unstructured"
                                sling:resourceType="core/franklin/components/text/v1/text"
                                text="&lt;p>Contrary to popular belief, Lorem Ipsum is not simply random text. It has roots in a piece of classical Latin literature from 45 BC, making it over 2000 years old. Richard McClintock, a Latin professor at Hampden-Sydney College in Virginia, looked up one of the more obscure Latin words, consectetur, from a Lorem Ipsum passage, and going through the cites of the word in classical literature, discovered the undoubtable source. Lorem Ipsum comes from sections 1.10.32 and 1.10.33 of &amp;quot;de Finibus Bonorum et Malorum&amp;quot; (The Extremes of Good and Evil) by Cicero, written in 45 BC. This book is a treatise on the theory of ethics, very popular during the Renaissance. The first line of Lorem Ipsum, &amp;quot;Lorem ipsum dolor sit amet..&amp;quot;, comes from a line in section 1.10.32.&lt;/p>"/>
                            <text_0
                                jcr:primaryType="nt:unstructured"
                                sling:resourceType="core/franklin/components/text/v1/text"
                                text="&lt;p>The standard chunk of Lorem Ipsum used since the 1500s is reproduced below for those interested. Sections 1.10.32 and 1.10.33 from &amp;quot;de Finibus Bonorum et Malorum&amp;quot; by Cicero are also reproduced in their exact original form, accompanied by English versions from the 1914 translation by H. Rackham.&lt;/p>"/>
                        </col1>
                        <col2 jcr:primaryType="nt:unstructured">
                            <title
                                jcr:primaryType="nt:unstructured"
                                title="Where can I get some?"
                                sling:resourceType="core/franklin/components/title/v1/title"
                                titleType="h2"/>
                            <text
                                jcr:primaryType="nt:unstructured"
                                sling:resourceType="core/franklin/components/text/v1/text"
                                text="&lt;p>There are many variations of passages of Lorem Ipsum available, but the majority have suffered alteration in some form, by injected humour, or randomised words which don't look even slightly believable. If you are going to use a passage of Lorem Ipsum, you need to be sure there isn't anything embarrassing hidden in the middle of text. All the Lorem Ipsum generators on the Internet tend to repeat predefined chunks as necessary, making this the first true generator on the Internet. It uses a dictionary of over 200 Latin words, combined with a handful of model sentence structures, to generate Lorem Ipsum which looks reasonable. The generated Lorem Ipsum is therefore always free from repetition, injected humour, or non-characteristic words etc.&lt;/p>"/>
                        </col2>
                    </row2>
                </columns>
            </section_1>
            <section_2
                jcr:primaryType="nt:unstructured"
                sling:resourceType="core/franklin/components/section/v1/section"
                style="highlight">
                <title
                    jcr:primaryType="nt:unstructured"
                    title="Boilerplate Highlights?"
                    sling:resourceType="core/franklin/components/title/v1/title"/>
                <text
                    jcr:primaryType="nt:unstructured"
                    sling:resourceType="core/franklin/components/text/v1/text"
                    text="&lt;p>Find some of our favorite staff picks below:&lt;/span>&lt;/p>"/>
                <cards_0
                    jcr:primaryType="nt:unstructured"
                    sling:resourceType="core/franklin/components/block/v1/block"
                    filter="cards"
                    model="cards"
                    name="Cards">
                    <card_0
                        jcr:primaryType="nt:unstructured"
                        sling:resourceType="core/franklin/components/block/v1/block/item"
                        image="/content/dam/aem-sites-with-edge-delivery-services-template/unmatched-speed.png"
                        model="card"
                        name="Card"
                        text="&lt;p>&lt;strong>Content at scale&lt;/strong>&lt;/p>&lt;p>AEM allows you to publish more content in shorter time with smaller teams&lt;/p>"/>
                    <card_1
                        jcr:primaryType="nt:unstructured"
                        sling:resourceType="core/franklin/components/block/v1/block/item"
                        image="/content/dam/aem-sites-with-edge-delivery-services-template/content-at-scale.png"
                        model="card"
                        name="Card"
                        text="&lt;p>&lt;strong>Unmatched speed&lt;/strong>&lt;/p>&lt;p>AEM is the fastest way to publish, create, and serve websites&lt;/p>"/>
                    <card_2
                        jcr:primaryType="nt:unstructured"
                        sling:resourceType="core/franklin/components/block/v1/block/item"
                        image="/content/dam/aem-sites-with-edge-delivery-services-template/uncertainty-eliminated.png"
                        model="card"
                        name="Card"
                        text="&lt;p>&lt;strong>Uncertainty eliminated&lt;/strong>&lt;/p>&lt;p>Preview content at 100% fidelity, get predictable content velocity, and shorten project durations&lt;/p>"/>
                    <block
                        jcr:primaryType="nt:unstructured"
                        sling:resourceType="core/franklin/components/block/v1/block/item"
                        image="/content/dam/aem-sites-with-edge-delivery-services-template/widen-the-talent-pool.png"
                        model="card"
                        name="Card"
                        text="&lt;p>&lt;strong>Widen the talent pool&lt;/strong>&lt;/p>&#xa;&lt;p>Authors on AEM use Microsoft Word, Excel or Google Docs and need no training&lt;/p>"/>
                    <block_867732865
                        jcr:primaryType="nt:unstructured"
                        sling:resourceType="core/franklin/components/block/v1/block/item"
                        image="/content/dam/aem-sites-with-edge-delivery-services-template/low-code-way-to-developer-productivity.png"
                        model="card"
                        name="Card"
                        text="&lt;p>&lt;strong>The low-code way to developer productivity&lt;/strong>&lt;/p>&#xa;&lt;p>Say goodbye to complex APIs spanning multiple languages. Anyone with a little bit of HTML, CSS, and JS can build a site on AEM.&lt;/p>"/>
                    <block_824988851
                        jcr:primaryType="nt:unstructured"
                        sling:resourceType="core/franklin/components/block/v1/block/item"
                        image="/content/dam/aem-sites-with-edge-delivery-services-template/headless-is-here.png"
                        model="card"
                        name="Card"
                        text="&lt;p>&lt;strong>Headless is here&lt;/strong>&lt;/p>&#xa;&lt;p>Go directly from Microsoft Excel or Google Sheets to the web in mere seconds. Sanitize and collect form data at extreme scale with AEM Forms.&lt;/p>"/>
                    <block_434360078
                        jcr:primaryType="nt:unstructured"
                        sling:resourceType="core/franklin/components/block/v1/block/item"
                        image="/content/dam/aem-sites-with-edge-delivery-services-template/peak-performance.png"
                        model="card"
                        name="Card"
                        text="&lt;p>&lt;strong>Peak performance&lt;/strong>&lt;/p>&#xa;&lt;p>Use AEM's serverless architecture to meet any traffic need. Use AEM's PageSpeed Insights Github action to evaluate every Pull-Request for Lighthouse Score.&lt;/p>"/>
                </cards_0>
            </section_2>
        </root>
    </jcr:content>
</jcr:root>
